ITERATION;avg. Average Leg distance;avg. Average Trip distance
0;2264.562838162222;6793.6885144866665
1;2308.1409549572227;6924.422864871668
2;2308.1409549572227;6924.422864871668
